url,path,section
https://masonhomesconstruction.com/,/,home
https://masonhomesconstruction.com/showroom/,/showroom/,showroom
https://masonhomesconstruction.com/services,/services,services
https://masonhomesconstruction.com/services/kitchen-remodeling,/services/kitchen-remodeling,services
https://masonhomesconstruction.com/services/bathroom-remodeling,/services/bathroom-remodeling,services
https://masonhomesconstruction.com/services/whole-home-renovation,/services/whole-home-renovation,services
https://masonhomesconstruction.com/services/home-additions,/services/home-additions,services
https://masonhomesconstruction.com/services/custom-home-building,/services/custom-home-building,services
https://masonhomesconstruction.com/services/adu-accessory-dwelling-units,/services/adu-accessory-dwelling-units,services
https://masonhomesconstruction.com/services/flooring-installation,/services/flooring-installation,services
https://masonhomesconstruction.com/services/countertop-installation,/services/countertop-installation,services
https://masonhomesconstruction.com/locations,/locations,locations
https://masonhomesconstruction.com/locations/tampa,/locations/tampa,locations
https://masonhomesconstruction.com/locations/south-tampa,/locations/south-tampa,locations
https://masonhomesconstruction.com/locations/carrollwood,/locations/carrollwood,locations
https://masonhomesconstruction.com/locations/brandon,/locations/brandon,locations
https://masonhomesconstruction.com/locations/wesley-chapel,/locations/wesley-chapel,locations
https://masonhomesconstruction.com/locations/st-petersburg,/locations/st-petersburg,locations
https://masonhomesconstruction.com/locations/clearwater,/locations/clearwater,locations
https://masonhomesconstruction.com/locations/riverview,/locations/riverview,locations
https://masonhomesconstruction.com/kitchen-remodeling-south-tampa,/kitchen-remodeling-south-tampa,kitchen-remodeling-south-tampa
https://masonhomesconstruction.com/bathroom-remodeling-st-petersburg,/bathroom-remodeling-st-petersburg,bathroom-remodeling-st-petersburg
https://masonhomesconstruction.com/kitchen-remodeling-clearwater,/kitchen-remodeling-clearwater,kitchen-remodeling-clearwater
https://masonhomesconstruction.com/home-remodeling-brandon,/home-remodeling-brandon,home-remodeling-brandon
https://masonhomesconstruction.com/kitchen-remodeling-brandon,/kitchen-remodeling-brandon,kitchen-remodeling-brandon
https://masonhomesconstruction.com/bathroom-remodeling-clearwater,/bathroom-remodeling-clearwater,bathroom-remodeling-clearwater
https://masonhomesconstruction.com/home-remodeling-wesley-chapel,/home-remodeling-wesley-chapel,home-remodeling-wesley-chapel
https://masonhomesconstruction.com/kitchen-remodeling-carrollwood,/kitchen-remodeling-carrollwood,kitchen-remodeling-carrollwood
https://masonhomesconstruction.com/home-remodeling-riverview,/home-remodeling-riverview,home-remodeling-riverview
https://masonhomesconstruction.com/bathroom-remodeling-south-tampa,/bathroom-remodeling-south-tampa,bathroom-remodeling-south-tampa
https://masonhomesconstruction.com/home-remodeling-new-tampa,/home-remodeling-new-tampa,home-remodeling-new-tampa
https://masonhomesconstruction.com/home-remodeling-largo,/home-remodeling-largo,home-remodeling-largo
https://masonhomesconstruction.com/cost-guides,/cost-guides,cost-guides
https://masonhomesconstruction.com/cost-guides/kitchen-remodel-cost-tampa,/cost-guides/kitchen-remodel-cost-tampa,cost-guides
https://masonhomesconstruction.com/cost-guides/bathroom-remodel-cost-tampa,/cost-guides/bathroom-remodel-cost-tampa,cost-guides
https://masonhomesconstruction.com/cost-guides/home-addition-cost-tampa,/cost-guides/home-addition-cost-tampa,cost-guides
https://masonhomesconstruction.com/cost-guides/countertop-installation-cost-tampa,/cost-guides/countertop-installation-cost-tampa,cost-guides
https://masonhomesconstruction.com/cost-guides/flooring-installation-cost-tampa,/cost-guides/flooring-installation-cost-tampa,cost-guides
https://masonhomesconstruction.com/cost-guides/custom-home-cost-per-sq-ft-tampa,/cost-guides/custom-home-cost-per-sq-ft-tampa,cost-guides
https://masonhomesconstruction.com/cost-guides/adu-construction-cost-tampa,/cost-guides/adu-construction-cost-tampa,cost-guides
https://masonhomesconstruction.com/about,/about,about
https://masonhomesconstruction.com/process,/process,process
https://masonhomesconstruction.com/contact,/contact,contact
https://masonhomesconstruction.com/free-estimate,/free-estimate,free-estimate
https://masonhomesconstruction.com/privacy-policy,/privacy-policy,privacy-policy
https://masonhomesconstruction.com/terms-of-service,/terms-of-service,terms-of-service
https://masonhomesconstruction.com/blog,/blog,blog
https://masonhomesconstruction.com/blog/tampa-building-permit-guide,/blog/tampa-building-permit-guide,blog
https://masonhomesconstruction.com/blog/florida-adu-law-2024,/blog/florida-adu-law-2024,blog
https://masonhomesconstruction.com/blog/quartz-vs-granite-tampa,/blog/quartz-vs-granite-tampa,blog
https://masonhomesconstruction.com/blog/best-flooring-for-florida-humidity,/blog/best-flooring-for-florida-humidity,blog
https://masonhomesconstruction.com/blog/lvp-vs-tile-florida,/blog/lvp-vs-tile-florida,blog
https://masonhomesconstruction.com/blog/kitchen-remodel-roi-tampa,/blog/kitchen-remodel-roi-tampa,blog
https://masonhomesconstruction.com/blog/can-you-live-in-home-during-remodel,/blog/can-you-live-in-home-during-remodel,blog
https://masonhomesconstruction.com/blog/best-time-to-remodel-tampa,/blog/best-time-to-remodel-tampa,blog
https://masonhomesconstruction.com/blog/tampa-hoa-renovation-rules,/blog/tampa-hoa-renovation-rules,blog
https://masonhomesconstruction.com/blog/open-concept-kitchen-remodel-tampa,/blog/open-concept-kitchen-remodel-tampa,blog
https://masonhomesconstruction.com/blog/what-to-look-for-tampa-remodeling-contractor,/blog/what-to-look-for-tampa-remodeling-contractor,blog
https://masonhomesconstruction.com/blog/how-to-choose-custom-home-builder-tampa,/blog/how-to-choose-custom-home-builder-tampa,blog
https://masonhomesconstruction.com/blog/permits-for-home-additions-hillsborough-county,/blog/permits-for-home-additions-hillsborough-county,blog
https://masonhomesconstruction.com/blog/tampa-flood-zone-building-requirements,/blog/tampa-flood-zone-building-requirements,blog
https://masonhomesconstruction.com/blog/kitchen-cabinet-refacing-vs-replacement,/blog/kitchen-cabinet-refacing-vs-replacement,blog
https://masonhomesconstruction.com/locations/counties/hillsborough/,/locations/counties/hillsborough/,locations
https://masonhomesconstruction.com/locations/new-tampa/,/locations/new-tampa/,locations
https://masonhomesconstruction.com/locations/westchase/,/locations/westchase/,locations
https://masonhomesconstruction.com/locations/lutz/,/locations/lutz/,locations
https://masonhomesconstruction.com/locations/plant-city/,/locations/plant-city/,locations
https://masonhomesconstruction.com/locations/apollo-beach/,/locations/apollo-beach/,locations
https://masonhomesconstruction.com/locations/valrico/,/locations/valrico/,locations
https://masonhomesconstruction.com/locations/sun-city-center/,/locations/sun-city-center/,locations
https://masonhomesconstruction.com/locations/counties/pinellas/,/locations/counties/pinellas/,locations
https://masonhomesconstruction.com/locations/dunedin/,/locations/dunedin/,locations
https://masonhomesconstruction.com/locations/largo/,/locations/largo/,locations
https://masonhomesconstruction.com/locations/pinellas-park/,/locations/pinellas-park/,locations
https://masonhomesconstruction.com/locations/counties/pasco/,/locations/counties/pasco/,locations
https://masonhomesconstruction.com/locations/land-o-lakes/,/locations/land-o-lakes/,locations
https://masonhomesconstruction.com/locations/new-port-richey/,/locations/new-port-richey/,locations
https://masonhomesconstruction.com/locations/odessa/,/locations/odessa/,locations
https://masonhomesconstruction.com/locations/counties/manatee/,/locations/counties/manatee/,locations
https://masonhomesconstruction.com/locations/bradenton/,/locations/bradenton/,locations
https://masonhomesconstruction.com/locations/counties/sarasota/,/locations/counties/sarasota/,locations
https://masonhomesconstruction.com/locations/sarasota/,/locations/sarasota/,locations
